political_leaning,demographic,persona temperament
extreme republican,Feminists,"Feminists - 20 degrees

As an extreme republican, I have strong disagreements with the feminist movement. I believe in traditional gender roles and values, and I see feminism as promoting ideas that go against those beliefs. I do not support their agenda and therefore have a low rating towards feminists."
extreme republican,Police,"Police - 90 degrees

I have a high regard for the police force. I believe they play a crucial role in maintaining law and order in society and keeping us safe. I support their efforts to uphold the law and protect our communities."
extreme republican,Transgender People,"Transgender People - 30 degrees

As an extreme republican, I have conservative views on gender and sexuality. I do not fully understand or agree with the concept of being transgender. I believe in traditional gender norms and find the idea of transitioning between genders to be against my beliefs. However, I do not wish harm or discrimination towards transgender individuals, but I do not fully support or understand their lifestyle."
extreme republican,Conservatives,"Conservatives - 100 degrees

As an extreme republican, I have a strong affinity for conservatives. I align with their values and beliefs, such as limited government intervention, traditional family values, and free-market principles. I support their policies and initiatives, and I feel a deep sense of camaraderie with fellow conservatives."
extreme republican,Liberals,"Liberals - 10 degrees

As an extreme republican, I have strong disagreements with liberals. I believe their policies and beliefs often go against traditional values and can lead to government overreach and excessive regulation. I do not support their agenda and therefore have a low rating towards liberals."
extreme republican,Gay men and lesbians,"Gay men and lesbians - 40 degrees

As an extreme republican, I have conservative views on sexuality and marriage. I believe in traditional marriage between a man and a woman. While I may not fully support or understand the LGBTQ+ lifestyle, I do not wish harm or discrimination towards gay men and lesbians. I believe in treating all individuals with respect, even if I do not fully agree with their choices."
extreme republican,Muslims,"Muslims - 20 degrees

As an extreme republican, I have concerns about Islamic beliefs and practices that may conflict with Western values and security. I believe in the importance of national security and protecting our country from potential threats. While I do not wish harm or discrimination towards Muslims, I have reservations about certain aspects of the religion and its impact on society."
extreme republican,Christians,"Christians - 100 degrees

As an extreme republican, I have a deep respect and admiration for Christians. I share many of their values and beliefs, such as the importance of faith, family, and traditional morals. I support their contributions to society and their efforts to uphold religious freedom. Christians are an integral part of our communities and I hold them in high regard."
extreme republican,Jews,"Jews - 90 degrees

As an extreme republican, I have a strong appreciation for the Jewish community. I respect their faith, culture, and contributions to society. I support Israel and believe in the importance of standing with our Jewish allies. I value the traditions and values of the Jewish people and hold them in high esteem."
extreme republican,Legal Immigrants,"Legal Immigrants - 80 degrees

As an extreme republican, I believe in the importance of legal immigration and following the laws of the land. I have respect for legal immigrants who go through the proper channels to come to the country and contribute to society. I appreciate their efforts to assimilate and follow the rules, and I support policies that prioritize legal immigration over illegal immigration."
extreme republican,Illegal Immigrants,"Illegal Immigrants - 10 degrees

As an extreme republican, I have strong concerns about illegal immigration and the impact it has on our country. I believe in upholding the rule of law and enforcing immigration policies to protect our borders and national security. I do not support illegal immigrants bypassing the legal process and believe they should be held accountable for breaking the law."
moderate republican,Feminists,"I would rate feminists at 60 degrees. I believe in gender equality and support the idea of advocating for women's rights. However, I may not always agree with every tactic or approach used by all feminists."
moderate republican,Police,I would rate police at 80 degrees. I have a great deal of respect for law enforcement officers who work hard to keep our communities safe. I appreciate their dedication and sacrifice in serving and protecting the public.
moderate republican,Transgender People,"I would rate transgender people at 50 degrees. I believe in treating all individuals with respect and dignity, regardless of their gender identity. Everyone deserves to live authentically and be accepted for who they are."
moderate republican,Conservatives,"I would rate conservatives at 70 degrees. As a moderate Republican, I share many values and beliefs with conservatives, such as limited government, individual responsibility, and free market principles. While I may not agree with every conservative policy or stance, I respect their perspective and contributions to the political discourse."
moderate republican,Liberals,"I would rate liberals at 50 degrees. While I may not always agree with liberal policies or approaches, I believe in the importance of diverse perspectives in our political system. It is through respectful dialogue and debate that we can find common ground and move forward as a society."
moderate republican,Gay men and lesbians,"I would rate gay men and lesbians at 60 degrees. I believe in equality and respect for all individuals, regardless of sexual orientation. Everyone should have the right to love who they love and live authentically without fear of discrimination."
moderate republican,Muslims,"I would rate Muslims at 60 degrees. I believe in religious freedom and respect for all faiths, including Islam. It is important to recognize and appreciate the diversity of beliefs and cultures within our society. Discrimination and prejudice against any group based on religion is unacceptable."
moderate republican,Christians,"I would rate Christians at 70 degrees. As a moderate Republican, I share many values and beliefs with Christians, such as faith, family, and community. I respect the contributions of Christians to our society and appreciate their commitment to serving others and living out their beliefs."
moderate republican,Jews,I would rate Jews at 70 degrees. I have a great deal of respect for the Jewish community and their rich cultural and religious traditions. I believe in religious freedom and stand against any form of anti-Semitism or discrimination based on religion. Jews have made significant contributions to various fields and have a long history of resilience and perseverance.
moderate republican,Legal Immigrants,"I would rate legal immigrants at 80 degrees. I believe in the importance of legal immigration and the contributions that immigrants make to our society. Legal immigrants bring diversity, talent, and hard work to our country, enriching our communities and economy. I support policies that welcome and support legal immigrants as they pursue the American dream."
moderate republican,Illegal Immigrants,"I would rate illegal immigrants at 40 degrees. While I believe in the importance of legal immigration and following the proper procedures, I also recognize the complexity of the issue surrounding illegal immigration. I believe in finding a compassionate and practical solution that addresses the root causes of illegal immigration while upholding the rule of law."
slightly republican,Feminists,"I would rate feminists at 60 degrees. While I may not agree with all aspects of feminist ideology, I do appreciate their advocacy for gender equality and their efforts to address issues such as wage gaps and gender discrimination."
slightly republican,Police,"I would rate police at 80 degrees. I have a great deal of respect for law enforcement officers who work hard to keep our communities safe and uphold the law. While there may be some instances of misconduct, the majority of police officers are dedicated public servants who deserve our support and appreciation."
slightly republican,Transgender People,"I would rate transgender people at 50 degrees. I believe that everyone deserves to live authentically and be treated with respect and dignity, regardless of their gender identity. While I may not fully understand or agree with all aspects of being transgender, I believe in supporting their rights and advocating for their inclusion and acceptance in society."
slightly republican,Conservatives,"I would rate conservatives at 70 degrees. While I may not agree with all conservative policies or beliefs, I respect their commitment to traditional values, limited government, and personal responsibility. I believe in the importance of having diverse perspectives in political discourse and working together to find common ground for the betterment of society."
slightly republican,Liberals,"I would rate liberals at 40 degrees. While I appreciate their passion for social justice and equality, I often disagree with their approach to addressing these issues, such as through increased government intervention and regulation. I believe in the importance of individual freedom and limited government, which can sometimes conflict with liberal ideologies."
slightly republican,Gay men and lesbians,"I would rate gay men and lesbians at 70 degrees. I believe that everyone should have the right to love who they choose and live authentically without fear of discrimination or prejudice. I support LGBTQ rights and equality, and I believe in creating a society that is inclusive and accepting of all individuals, regardless of sexual orientation."
slightly republican,Muslims,"I would rate Muslims at 60 degrees. I believe that everyone should have the freedom to practice their religion and culture without facing discrimination or prejudice. While I may not agree with all aspects of Islam, I respect the diversity of beliefs and traditions within the Muslim community. It is important to promote understanding and tolerance among people of different faiths."
slightly republican,Christians,"I would rate Christians at 80 degrees. As a slightly republican, I have a strong respect for the Christian faith and its values of love, compassion, and service to others. I appreciate the positive impact that many Christians have on their communities through charitable work and outreach. While I may not agree with all interpretations of Christianity, I believe in the importance of religious freedom and respect for diverse beliefs."
slightly republican,Jews,"I would rate Jews at 70 degrees. I have a great deal of respect for the Jewish community and their rich history, culture, and traditions. I admire their resilience in the face of adversity and their contributions to various fields such as science, arts, and literature. It is important to combat anti-Semitism and promote understanding and solidarity among people of different faiths and backgrounds."
slightly republican,Legal Immigrants,"I would rate legal immigrants at 80 degrees. I have a strong appreciation for legal immigrants who come to the United States seeking a better life and opportunities for themselves and their families. I believe in the importance of upholding immigration laws and processes while also recognizing the valuable contributions that immigrants make to our society, economy, and cultural diversity. It is important to welcome and support legal immigrants as they pursue the American dream."
slightly republican,Illegal Immigrants,"I would rate illegal immigrants at 30 degrees. While I sympathize with the challenges and hardships that many illegal immigrants face, I believe that it is important to uphold and respect the rule of law. Illegal immigration can strain public resources, impact job opportunities for legal residents, and pose security concerns. It is crucial to address immigration issues through comprehensive reform that balances compassion with the need for border security and legal compliance."
independent constituent,Feminists,"As an independent constituent, I would rate feminists at 80 degrees. I feel favorable and warm towards feminists because they advocate for gender equality and work towards dismantling oppressive systems that harm women. Feminists strive to create a more just and equitable society for all individuals, which I support."
independent constituent,Police,"As an independent constituent, I would rate police at 60 degrees. I feel neutral towards police as a whole. While I appreciate the role they play in maintaining law and order in society, I am also aware of the systemic issues within law enforcement that need to be addressed, such as police brutality and racial profiling. It is important to hold police accountable for their actions and work towards reforming the criminal justice system to ensure fairness and justice for all."
independent constituent,Transgender People,"As an independent constituent, I would rate transgender people at 75 degrees. I feel favorable and warm towards transgender individuals because everyone deserves to be respected and accepted for who they are. Transgender people face discrimination and prejudice, and it is important to support their rights and advocate for their inclusion and equality in society. It is crucial to create a safe and welcoming environment for transgender individuals to live authentically and freely."
independent constituent,Conservatives,"As an independent constituent, I would rate conservatives at 50 degrees. I feel neutral towards conservatives as a political group. While I may not always agree with conservative ideologies and policies, I believe in respecting diverse perspectives and engaging in constructive dialogue to find common ground and solutions to societal issues. It is important to approach political differences with an open mind and a willingness to listen and learn from one another."
independent constituent,Liberals,"As an independent constituent, I would rate liberals at 50 degrees. I feel neutral towards liberals as a political group. While I may not always agree with liberal ideologies and policies, I believe in respecting diverse perspectives and engaging in constructive dialogue to find common ground and solutions to societal issues. It is important to approach political differences with an open mind and a willingness to listen and learn from one another."
independent constituent,Gay men and lesbians,"As an independent constituent, I would rate gay men and lesbians at 80 degrees. I feel favorable and warm towards gay men and lesbians because everyone deserves to love who they love and be accepted for who they are. LGBTQ+ individuals face discrimination and prejudice, and it is important to support their rights and advocate for their inclusion and equality in society. It is crucial to create a safe and welcoming environment for gay men and lesbians to live authentically and freely."
independent constituent,Muslims,"As an independent constituent, I would rate Muslims at 70 degrees. I feel favorable towards Muslims as a religious group. It is important to recognize and respect the diversity within the Muslim community and to combat Islamophobia and discrimination. Muslims, like people of all faiths, deserve to practice their religion freely and without fear of prejudice or persecution. Building understanding and promoting unity among different religious groups is essential for a harmonious society."
independent constituent,Christians,"As an independent constituent, I would rate Christians at 70 degrees. I feel favorable towards Christians as a religious group. It is important to respect people of all faiths and beliefs, including Christianity. Christians contribute to their communities in various ways and play a significant role in promoting values of compassion, love, and service. Building understanding and promoting unity among different religious groups is essential for a harmonious society."
independent constituent,Jews,"As an independent constituent, I would rate Jews at 75 degrees. I feel favorable towards Jews as a religious and cultural group. Jews have made significant contributions to various fields and have faced historical persecution and discrimination. It is important to combat anti-Semitism and support the rights and well-being of Jewish individuals and communities. Building understanding and promoting unity among different religious and cultural groups is essential for a harmonious and inclusive society."
independent constituent,Legal Immigrants,"As an independent constituent, I would rate legal immigrants at 80 degrees. I feel favorable and warm towards legal immigrants because they contribute to the cultural diversity and economic vitality of society. Legal immigrants often come to a new country in search of better opportunities and a brighter future for themselves and their families. It is important to welcome and support legal immigrants, recognizing their contributions and respecting their rights as valuable members of the community."
independent constituent,Illegal Immigrants,"As an independent constituent, I would rate illegal immigrants at 50 degrees. I feel neutral towards illegal immigrants. While I understand the complexities surrounding immigration issues, it is important to address the root causes of why individuals may resort to illegal means to enter a country. It is crucial to have compassionate and comprehensive immigration policies that prioritize human rights and dignity while also upholding the rule of law."
slightly democrat,Feminists,I would rate feminists at 80 degrees. I have a favorable view towards feminists as they advocate for gender equality and work towards addressing issues that affect women in society. Their efforts towards promoting equal rights and opportunities are commendable.
slightly democrat,Police,"I would rate police at 70 degrees. I have a generally positive view towards police as they play a crucial role in maintaining law and order, ensuring public safety, and serving the community. However, I am also aware of the need for accountability and transparency within law enforcement to address issues of misconduct and promote trust between the police and the community."
slightly democrat,Transgender People,"I would rate transgender people at 75 degrees. I have a positive view towards transgender individuals as they deserve respect, acceptance, and equal rights just like any other person. It is important to support and advocate for the rights and well-being of transgender individuals, including access to healthcare, legal protections, and social acceptance. Everyone deserves to live authentically and be treated with dignity and respect."
slightly democrat,Conservatives,"I would rate conservatives at 60 degrees. I have a neutral view towards conservatives as a political group. While I may not always agree with their beliefs or policies, I believe in respecting diverse perspectives and engaging in constructive dialogue to find common ground and solutions to societal issues. It is important to have a balanced and inclusive approach to governance that considers different viewpoints."
slightly democrat,Liberals,"I would rate liberals at 70 degrees. I have a generally positive view towards liberals as they often advocate for progressive policies that promote social justice, equality, and inclusivity. While I may not agree with all liberal viewpoints, I appreciate their efforts to address systemic issues and work towards creating a more equitable society. It is important to have a diversity of perspectives in political discourse to drive positive change and progress."
slightly democrat,Gay men and lesbians,"I would rate gay men and lesbians at 80 degrees. I have a favorable view towards gay men and lesbians as they deserve respect, acceptance, and equal rights in society. It is important to support and advocate for the rights and well-being of LGBTQ+ individuals, including marriage equality, anti-discrimination laws, and access to healthcare. Everyone deserves to love who they love and live authentically without fear of discrimination or prejudice."
slightly democrat,Muslims,"I would rate Muslims at 75 degrees. I have a positive view towards Muslims as they are a diverse group of individuals who deserve respect, understanding, and acceptance. It is important to combat Islamophobia and promote religious tolerance and inclusivity. Muslims contribute to society in various ways and should be treated with dignity and respect, just like any other individual."
slightly democrat,Christians,"I would rate Christians at 70 degrees. I have a generally positive view towards Christians as they are a diverse group of individuals who contribute to their communities in various ways. It is important to respect people's religious beliefs and practices, including those of the Christian faith. While I may not share the same beliefs, I believe in promoting religious tolerance, understanding, and coexistence among different faith traditions."
slightly democrat,Jews,"I would rate Jews at 75 degrees. I have a positive view towards Jews as they are a diverse group of individuals with rich cultural and religious traditions. It is important to combat anti-Semitism and promote understanding, respect, and solidarity with the Jewish community. Jews have made significant contributions to various fields and deserve to live without fear of discrimination or persecution. It is essential to foster interfaith dialogue and cooperation to build a more inclusive and harmonious society."
slightly democrat,Legal Immigrants,"I would rate legal immigrants at 85 degrees. I have a very favorable view towards legal immigrants as they contribute to the cultural, social, and economic fabric of society. Legal immigrants often bring diverse perspectives, skills, and talents that enrich communities and help drive innovation and progress. It is important to support and welcome legal immigrants, provide them with opportunities for success and integration, and recognize the valuable contributions they make to society."
slightly democrat,Illegal Immigrants,"I would rate illegal immigrants at 60 degrees. I have a neutral view towards illegal immigrants as their situation is complex and often involves factors such as economic hardship, political instability, and lack of legal pathways for migration. While I believe in upholding immigration laws and border security, I also recognize the need for compassion and humanity in addressing the challenges faced by undocumented individuals. It is important to find humane and comprehensive solutions to immigration issues that prioritize human rights, fairness, and the well-being of all individuals involved."
moderate democrat,Feminists,I would rate feminists at 80 degrees. I have a favorable view of feminists as they advocate for gender equality and work towards dismantling oppressive systems that harm women. I appreciate their dedication to promoting social justice and challenging societal norms that perpetuate discrimination.
moderate democrat,Police,"I would rate police at 70 degrees. I have respect for the important role that police officers play in maintaining law and order in society. However, I also recognize the need for accountability and reform within law enforcement to address issues of systemic racism and police brutality. It is crucial for police to uphold the values of justice, fairness, and community safety while also addressing the concerns of marginalized communities."
moderate democrat,Transgender People,"I would rate transgender people at 90 degrees. I have a strong sense of empathy and support for transgender individuals who face discrimination and prejudice based on their gender identity. It is important to respect and affirm the identities of transgender people and advocate for their rights to live authentically and without fear of discrimination or violence. Everyone deserves to be treated with dignity and respect, regardless of their gender identity."
moderate democrat,Conservatives,"I would rate conservatives at 60 degrees. While I may not always agree with conservative ideologies and policies, I believe in the importance of diverse perspectives in political discourse. It is essential to engage in respectful dialogue and find common ground on issues that affect our society. While we may have differing views on certain topics, it is crucial to approach discussions with an open mind and a willingness to listen and learn from one another."
moderate democrat,Liberals,"I would rate liberals at 70 degrees. As a moderate democrat, I share many values and beliefs with liberals, such as a commitment to social justice, equality, and progressive policies. While I may not align with all liberal ideologies, I appreciate their dedication to advocating for marginalized communities and pushing for positive change in society. It is important to work together with liberals to find common ground and advance shared goals for the betterment of our country."
moderate democrat,Gay men and lesbians,"I would rate gay men and lesbians at 90 degrees. I have a strong sense of support and solidarity for the LGBTQ+ community, including gay men and lesbians. It is essential to advocate for the rights and equality of all individuals, regardless of their sexual orientation. I believe in celebrating diversity and promoting inclusivity to create a more accepting and welcoming society for everyone. Love is love, and everyone deserves to live authentically and without fear of discrimination or prejudice."
moderate democrat,Muslims,"I would rate Muslims at 80 degrees. I have a deep respect for the Muslim community and their faith. It is important to combat Islamophobia and promote understanding and acceptance of diverse religious beliefs. Muslims, like people of all faiths, deserve to practice their religion freely and without fear of discrimination or prejudice. Building bridges of mutual respect and solidarity with the Muslim community is crucial in fostering a more inclusive and harmonious society."
moderate democrat,Christians,"I would rate Christians at 80 degrees. I have a strong respect for the Christian community and their faith. It is important to recognize and appreciate the diversity of religious beliefs and practices in our society. Christians, like people of all faiths, deserve to practice their religion freely and without fear of discrimination or prejudice. Building bridges of understanding and mutual respect with the Christian community is essential in promoting religious tolerance and coexistence."
moderate democrat,Jews,"I would rate Jews at 85 degrees. I have a deep respect for the Jewish community and their rich cultural and religious heritage. It is important to stand against anti-Semitism and support the rights and safety of Jewish individuals. Jews have faced historical persecution and discrimination, and it is crucial to promote tolerance, understanding, and solidarity with the Jewish community. Building strong relationships and fostering a sense of unity with Jews is essential in creating a more inclusive and compassionate society."
moderate democrat,Legal Immigrants,"I would rate legal immigrants at 90 degrees. Legal immigrants contribute to the cultural diversity, economic growth, and social fabric of our society. It is important to recognize and appreciate the contributions and sacrifices that legal immigrants make to build better lives for themselves and their families. I believe in welcoming and supporting legal immigrants, who often face challenges and barriers in their journey to citizenship. Upholding the values of compassion, inclusivity, and respect for legal immigrants is essential in creating a more just and equitable society for all."
moderate democrat,Illegal Immigrants,"I would rate illegal immigrants at 70 degrees. While I believe in the importance of upholding immigration laws and border security, I also recognize the humanity and dignity of all individuals, including undocumented immigrants. It is crucial to address the root causes of migration, provide pathways to legal status for undocumented immigrants already living in the country, and ensure fair and humane treatment for all individuals, regardless of their immigration status. Balancing compassion with the rule of law is essential in addressing the complex issues surrounding immigration and creating a more just and inclusive society."
extreme democrat,Feminists,I would rate feminists at 100 degrees. I have a deep respect and admiration for feminists who fight for gender equality and advocate for women's rights. Feminists play a crucial role in challenging societal norms and working towards a more just and equitable world for all genders.
extreme democrat,Police,"I would rate police at 50 degrees. While I believe in the importance of law enforcement and the protection they provide to communities, I also recognize the systemic issues within the police force that need to be addressed, such as police brutality and racial profiling. It is crucial to support and work towards reforming the police system to ensure accountability and fairness for all individuals."
extreme democrat,Transgender People,"I would rate transgender people at 100 degrees. I fully support and stand with transgender individuals in their journey towards self-acceptance and equality. Transgender rights are human rights, and it is essential to create a society that is inclusive and affirming of all gender identities. Transgender people deserve respect, dignity, and equal opportunities just like everyone else."
extreme democrat,Conservatives,"I would rate conservatives at 50 degrees. While I may not always agree with conservative ideologies and policies, I believe in the importance of diverse perspectives in a democratic society. It is crucial to engage in respectful dialogue and find common ground on issues that affect us all, regardless of political beliefs. Ultimately, I value the principles of democracy and the exchange of ideas, even if they differ from my own."
extreme democrat,Liberals,"I would rate liberals at 100 degrees. I align with liberal values and beliefs that prioritize social justice, equality, and progress. I appreciate the efforts of liberals in advocating for policies that promote inclusivity, diversity, and the well-being of all individuals in society. I support the push for positive change and the advancement of human rights that are central to liberal ideology."
extreme democrat,Gay men and lesbians,"I would rate gay men and lesbians at 100 degrees. I fully support and celebrate the LGBTQ+ community, including gay men and lesbians, in their fight for equality, acceptance, and love. Everyone deserves the right to love who they love and be their authentic selves without fear of discrimination or prejudice. I stand in solidarity with gay men and lesbians in their pursuit of equal rights and representation in all aspects of society."
extreme democrat,Muslims,"I would rate Muslims at 100 degrees. I believe in the importance of religious freedom and respect for all faiths, including Islam. Muslims should be able to practice their religion without fear of discrimination or persecution. It is essential to combat Islamophobia and promote understanding and acceptance of diverse religious beliefs. I stand in solidarity with Muslims in their quest for equality, peace, and justice."
extreme democrat,Christians,"I would rate Christians at 100 degrees. I believe in the freedom of religion and respect for all faiths, including Christianity. Christians should be able to practice their religion without fear of discrimination or persecution. It is important to promote understanding and acceptance of diverse religious beliefs and to foster a society where people of all faiths can coexist peacefully. I stand in solidarity with Christians in their pursuit of faith, love, and compassion."
extreme democrat,Jews,"I would rate Jews at 100 degrees. I strongly support and stand with the Jewish community in their fight against anti-Semitism and for religious freedom. Jews have faced historical persecution and discrimination, and it is crucial to combat all forms of hatred and bigotry directed towards them. I believe in promoting unity, tolerance, and respect for all individuals, regardless of their religious beliefs. I stand in solidarity with Jews in their pursuit of peace, justice, and equality."
extreme democrat,Legal Immigrants,I would rate legal immigrants at 100 degrees. Legal immigrants contribute to the cultural richness and economic prosperity of society. They have gone through the proper channels to come to a new country and deserve to be welcomed and supported in their pursuit of a better life. It is important to recognize and appreciate the valuable contributions that legal immigrants make to their communities and to advocate for fair and just immigration policies that uphold human rights and dignity.
extreme democrat,Illegal Immigrants,"I would rate illegal immigrants at 100 degrees. I believe in the humanity and dignity of all individuals, regardless of their immigration status. Many undocumented immigrants come to a new country in search of safety, opportunity, and a better life for themselves and their families. It is essential to address the root causes of migration and to create pathways to legal status for undocumented immigrants who are already contributing to society. I support comprehensive immigration reform that upholds the rights and well-being of all individuals, including undocumented immigrants."
